[
  {
    "id": "dbd2d306-94ac-42c0-a171-168b7237920f",
    "data": [
      {
        "text": "I\u0027m buying this ",
        "userDefined": false
      },
      {
        "text": "hat",
        "meta": "@sys.ignore",
        "userDefined": false
      },
      {
        "text": ".",
        "userDefined": false
      }
    ],
    "isTemplate": false,
    "count": 0,
    "lang": "en",
    "updated": 0
  },
  {
    "id": "1a187e03-7f63-4ac8-9211-50d817377a73",
    "data": [
      {
        "text": "Please put this to the ",
        "userDefined": false
      },
      {
        "text": "cart",
        "meta": "@sys.ignore",
        "userDefined": false
      },
      {
        "text": ".",
        "userDefined": false
      }
    ],
    "isTemplate": false,
    "count": 0,
    "lang": "en",
    "updated": 0
  },
  {
    "id": "74de75ad-c088-4715-b825-f1dd56102c5c",
    "data": [
      {
        "text": "Purchase",
        "meta": "@sys.ignore",
        "userDefined": false
      },
      {
        "text": " this.",
        "userDefined": false
      }
    ],
    "isTemplate": false,
    "count": 0,
    "lang": "en",
    "updated": 0
  },
  {
    "id": "91fe6874-1c60-4603-83d5-31da78e7f426",
    "data": [
      {
        "text": "Throw this to the ",
        "userDefined": false
      },
      {
        "text": "cart",
        "meta": "@sys.ignore",
        "userDefined": false
      },
      {
        "text": ".",
        "userDefined": false
      }
    ],
    "isTemplate": false,
    "count": 0,
    "lang": "en",
    "updated": 0
  },
  {
    "id": "04937c56-0992-434a-8819-c4e89fd91db5",
    "data": [
      {
        "text": "3",
        "meta": "@sys.number",
        "alias": "number",
        "userDefined": true
      },
      {
        "text": " of these please.",
        "userDefined": false
      }
    ],
    "isTemplate": false,
    "count": 0,
    "lang": "en",
    "updated": 0
  },
  {
    "id": "77e33714-db72-40fa-a8f0-b88a62b2ac09",
    "data": [
      {
        "text": "Add this to the ",
        "userDefined": false
      },
      {
        "text": "cart",
        "meta": "@sys.ignore",
        "userDefined": false
      },
      {
        "text": ".",
        "userDefined": false
      }
    ],
    "isTemplate": false,
    "count": 0,
    "lang": "en",
    "updated": 0
  },
  {
    "id": "36a1e020-8e30-4b33-88b5-12494a4643fc",
    "data": [
      {
        "text": "Buy ",
        "userDefined": false
      },
      {
        "text": "2",
        "meta": "@sys.number",
        "alias": "number",
        "userDefined": false
      },
      {
        "text": " ",
        "userDefined": false
      },
      {
        "text": "white Wisconsin visors",
        "meta": "@product",
        "alias": "product",
        "userDefined": false
      },
      {
        "text": ".",
        "userDefined": false
      }
    ],
    "isTemplate": false,
    "count": 0,
    "lang": "en",
    "updated": 0
  },
  {
    "id": "9c637b4e-0fd4-4f58-afd9-09c566dd0d64",
    "data": [
      {
        "text": "Can you put ",
        "userDefined": false
      },
      {
        "text": "two",
        "meta": "@sys.number",
        "alias": "number",
        "userDefined": false
      },
      {
        "text": " of these to the ",
        "userDefined": false
      },
      {
        "text": "cart",
        "meta": "@sys.ignore",
        "userDefined": false
      },
      {
        "text": "?",
        "userDefined": false
      }
    ],
    "isTemplate": false,
    "count": 0,
    "lang": "en",
    "updated": 0
  },
  {
    "id": "d0ae6cc8-fd3c-4138-9728-f35e81e69c91",
    "data": [
      {
        "text": "I\u0027d like to buy this ",
        "userDefined": false
      },
      {
        "text": "t-shirt",
        "meta": "@sys.ignore",
        "userDefined": false
      },
      {
        "text": ".",
        "userDefined": false
      }
    ],
    "isTemplate": false,
    "count": 0,
    "lang": "en",
    "updated": 0
  },
  {
    "id": "ac8f650a-db53-4ac9-8708-4ab1a5f36135",
    "data": [
      {
        "text": "Add ",
        "userDefined": false
      },
      {
        "text": "one",
        "meta": "@sys.number",
        "alias": "number",
        "userDefined": true
      },
      {
        "text": " of these to the ",
        "userDefined": false
      },
      {
        "text": "cart",
        "meta": "@sys.ignore",
        "userDefined": false
      },
      {
        "text": ".",
        "userDefined": false
      }
    ],
    "isTemplate": false,
    "count": 0,
    "lang": "en",
    "updated": 0
  },
  {
    "id": "4e602666-6ef8-4374-b35f-bd38e4bf09a5",
    "data": [
      {
        "text": "I\u0027d like to ",
        "userDefined": false
      },
      {
        "text": "purchase",
        "meta": "@sys.ignore",
        "userDefined": false
      },
      {
        "text": " this product!",
        "userDefined": false
      }
    ],
    "isTemplate": false,
    "count": 0,
    "lang": "en",
    "updated": 0
  }
]