[
  {
    "id": "f92fe981-cf58-4ccd-9ec7-7699798df168",
    "data": [
      {
        "text": "What have I added so far?",
        "userDefined": false
      }
    ],
    "isTemplate": false,
    "count": 0,
    "lang": "en",
    "updated": 0
  },
  {
    "id": "8bd7b739-7a81-4176-a6d8-51f3adfb7ab7",
    "data": [
      {
        "text": "How much will I pay for now?",
        "userDefined": false
      }
    ],
    "isTemplate": false,
    "count": 0,
    "lang": "en",
    "updated": 0
  },
  {
    "id": "e3548b42-3314-4476-b15e-7d8760a87e23",
    "data": [
      {
        "text": "List items in ",
        "userDefined": false
      },
      {
        "text": "cart",
        "meta": "@sys.ignore",
        "userDefined": false
      },
      {
        "text": ".",
        "userDefined": false
      }
    ],
    "isTemplate": false,
    "count": 0,
    "lang": "en",
    "updated": 0
  },
  {
    "id": "bb11016b-cb41-44a5-a80a-94b7f4044a8a",
    "data": [
      {
        "text": "Tell me about my ",
        "userDefined": false
      },
      {
        "text": "cart",
        "meta": "@sys.ignore",
        "userDefined": false
      },
      {
        "text": ".",
        "userDefined": false
      }
    ],
    "isTemplate": false,
    "count": 0,
    "lang": "en",
    "updated": 0
  },
  {
    "id": "780c2fa0-195c-4ae7-8db5-80cf05cb23b1",
    "data": [
      {
        "text": "Total items.",
        "userDefined": false
      }
    ],
    "isTemplate": false,
    "count": 0,
    "lang": "en",
    "updated": 0
  },
  {
    "id": "10ada073-1175-428c-890f-a04b5a3abd29",
    "data": [
      {
        "text": "What are the things ",
        "userDefined": false
      },
      {
        "text": "that",
        "meta": "@sys.ignore",
        "userDefined": false
      },
      {
        "text": " I have added to the ",
        "userDefined": false
      },
      {
        "text": "cart",
        "meta": "@sys.ignore",
        "userDefined": false
      },
      {
        "text": "?",
        "userDefined": false
      }
    ],
    "isTemplate": false,
    "count": 0,
    "lang": "en",
    "updated": 0
  },
  {
    "id": "fef88731-347b-4c0a-bec3-4700447dba1a",
    "data": [
      {
        "text": "Cart",
        "meta": "@sys.ignore",
        "userDefined": false
      },
      {
        "text": " info.",
        "userDefined": false
      }
    ],
    "isTemplate": false,
    "count": 0,
    "lang": "en",
    "updated": 0
  },
  {
    "id": "c44e3a1a-728f-4b34-b3ae-8cc0b9f4c868",
    "data": [
      {
        "text": "Cart",
        "meta": "@sys.ignore",
        "userDefined": false
      },
      {
        "text": " summary.",
        "userDefined": false
      }
    ],
    "isTemplate": false,
    "count": 0,
    "lang": "en",
    "updated": 0
  },
  {
    "id": "85044beb-d34a-4249-9e2e-e89dfc5cf124",
    "data": [
      {
        "text": "What is in my ",
        "userDefined": false
      },
      {
        "text": "cart",
        "meta": "@sys.ignore",
        "userDefined": false
      },
      {
        "text": "?",
        "userDefined": false
      }
    ],
    "isTemplate": false,
    "count": 0,
    "lang": "en",
    "updated": 0
  },
  {
    "id": "47fd92b8-d3ef-48d8-baf1-4892c945f0fd",
    "data": [
      {
        "text": "What\u0027s in my ",
        "userDefined": false
      },
      {
        "text": "cart",
        "meta": "@sys.ignore",
        "userDefined": false
      },
      {
        "text": "?",
        "userDefined": false
      }
    ],
    "isTemplate": false,
    "count": 0,
    "lang": "en",
    "updated": 0
  },
  {
    "id": "ded49092-6c66-4049-8521-2a6fc5fc3915",
    "data": [
      {
        "text": "What do I have in the ",
        "userDefined": false
      },
      {
        "text": "cart",
        "meta": "@sys.ignore",
        "userDefined": false
      },
      {
        "text": "?",
        "userDefined": false
      }
    ],
    "isTemplate": false,
    "count": 0,
    "lang": "en",
    "updated": 0
  }
]