[
  {
    "id": "3c4293e6-7529-4965-89e9-d9315f1296bc",
    "data": [
      {
        "text": "Empty my ",
        "userDefined": false
      },
      {
        "text": "cart",
        "meta": "@sys.ignore",
        "userDefined": false
      },
      {
        "text": ".",
        "userDefined": false
      }
    ],
    "isTemplate": false,
    "count": 0,
    "lang": "en",
    "updated": 0
  },
  {
    "id": "c4fcc348-54d5-48a4-929f-37d990d0e4dc",
    "data": [
      {
        "text": "Empty ",
        "userDefined": false
      },
      {
        "text": "cart.",
        "meta": "@sys.ignore",
        "userDefined": false
      }
    ],
    "isTemplate": false,
    "count": 0,
    "lang": "en",
    "updated": 0
  },
  {
    "id": "1ce79887-1f8d-4bf6-89b5-ea26ba91dc6e",
    "data": [
      {
        "text": "Discard everything.",
        "userDefined": false
      }
    ],
    "isTemplate": false,
    "count": 0,
    "lang": "en",
    "updated": 0
  },
  {
    "id": "71fbb7c7-b3da-4de5-b278-73d8e1fa8b5a",
    "data": [
      {
        "text": "Clear everything.",
        "userDefined": false
      }
    ],
    "isTemplate": false,
    "count": 0,
    "lang": "en",
    "updated": 0
  },
  {
    "id": "39cea653-1419-4c76-82c6-55c5d4dfd4b6",
    "data": [
      {
        "text": "Remove everything.",
        "userDefined": false
      }
    ],
    "isTemplate": false,
    "count": 0,
    "lang": "en",
    "updated": 0
  },
  {
    "id": "3b1e0345-616c-4a71-8475-17021eb7be5a",
    "data": [
      {
        "text": "Throw away everything.",
        "userDefined": false
      }
    ],
    "isTemplate": false,
    "count": 0,
    "lang": "en",
    "updated": 0
  },
  {
    "id": "d9eecd56-1ba4-42e9-a11f-1656c9ae8fc4",
    "data": [
      {
        "text": "Clear ",
        "userDefined": false
      },
      {
        "text": "cart",
        "meta": "@sys.ignore",
        "userDefined": false
      },
      {
        "text": ".",
        "userDefined": false
      }
    ],
    "isTemplate": false,
    "count": 0,
    "lang": "en",
    "updated": 0
  },
  {
    "id": "46a188bb-29e1-4d47-8e29-e02145814cf4",
    "data": [
      {
        "text": "I don\u0027t want to buy ",
        "userDefined": false
      },
      {
        "text": "all",
        "meta": "@sys.ignore",
        "userDefined": false
      },
      {
        "text": " of these.",
        "userDefined": false
      }
    ],
    "isTemplate": false,
    "count": 0,
    "lang": "en",
    "updated": 0
  },
  {
    "id": "e817c139-30bc-4ac0-8b67-a92363cc325b",
    "data": [
      {
        "text": "Remove ",
        "userDefined": false
      },
      {
        "text": "all",
        "meta": "@sys.ignore",
        "userDefined": false
      },
      {
        "text": ".",
        "userDefined": false
      }
    ],
    "isTemplate": false,
    "count": 0,
    "lang": "en",
    "updated": 0
  },
  {
    "id": "5be71651-a5b6-427b-82d3-8d5d416f7471",
    "data": [
      {
        "text": "Delete ",
        "userDefined": false
      },
      {
        "text": "all",
        "meta": "@sys.ignore",
        "userDefined": false
      },
      {
        "text": ".",
        "userDefined": false
      }
    ],
    "isTemplate": false,
    "count": 0,
    "lang": "en",
    "updated": 0
  },
  {
    "id": "412aac21-850f-4f20-9429-a253badb549b",
    "data": [
      {
        "text": "Remove ",
        "userDefined": false
      },
      {
        "text": "all",
        "meta": "@sys.ignore",
        "userDefined": false
      },
      {
        "text": " of the items here.",
        "userDefined": false
      }
    ],
    "isTemplate": false,
    "count": 0,
    "lang": "en",
    "updated": 0
  },
  {
    "id": "30a41e56-bef0-45aa-9ee6-f9234f23bfee",
    "data": [
      {
        "text": "Clear my ",
        "userDefined": false
      },
      {
        "text": "cart",
        "meta": "@sys.ignore",
        "userDefined": false
      },
      {
        "text": ".",
        "userDefined": false
      }
    ],
    "isTemplate": false,
    "count": 1,
    "lang": "en",
    "updated": 0
  }
]