[
  {
    "id": "467a747a-ab54-4233-bb46-5fb4b66caedc",
    "data": [
      {
        "text": "Take me to the next step!",
        "userDefined": false
      }
    ],
    "isTemplate": false,
    "count": 0,
    "lang": "en",
    "updated": 0
  },
  {
    "id": "4cb1c6e7-2040-43e4-a65b-2d3f3f6110f4",
    "data": [
      {
        "text": "Click the confirm button for me.",
        "userDefined": false
      }
    ],
    "isTemplate": false,
    "count": 0,
    "lang": "en",
    "updated": 0
  },
  {
    "id": "7180da9c-d4c3-48ae-b540-d3bb40a4d078",
    "data": [
      {
        "text": "Click the ",
        "userDefined": false
      },
      {
        "text": "purchase",
        "meta": "@sys.ignore",
        "userDefined": false
      },
      {
        "text": " button for me.",
        "userDefined": false
      }
    ],
    "isTemplate": false,
    "count": 0,
    "lang": "en",
    "updated": 0
  },
  {
    "id": "a0a1d9d8-2837-4550-b964-86a261afef12",
    "data": [
      {
        "text": "Purchase",
        "meta": "@sys.ignore",
        "userDefined": false
      },
      {
        "text": " this for me.",
        "userDefined": false
      }
    ],
    "isTemplate": false,
    "count": 0,
    "lang": "en",
    "updated": 0
  },
  {
    "id": "9af3cef8-0350-4d09-b6e2-0436e5de2c63",
    "data": [
      {
        "text": "Buy.",
        "userDefined": false
      }
    ],
    "isTemplate": false,
    "count": 0,
    "lang": "en",
    "updated": 0
  },
  {
    "id": "f0eaaa9f-d1c4-40cc-82ec-c5019cbae8c7",
    "data": [
      {
        "text": "Purchase",
        "meta": "@sys.ignore",
        "userDefined": false
      },
      {
        "text": ".",
        "userDefined": false
      }
    ],
    "isTemplate": false,
    "count": 0,
    "lang": "en",
    "updated": 0
  },
  {
    "id": "ca04b2cd-21fc-46c7-af17-ba6917e96f01",
    "data": [
      {
        "text": "I have reviewed everything. ",
        "userDefined": false
      },
      {
        "text": "Purchase",
        "meta": "@sys.ignore",
        "userDefined": false
      },
      {
        "text": " now.",
        "userDefined": false
      }
    ],
    "isTemplate": false,
    "count": 0,
    "lang": "en",
    "updated": 0
  },
  {
    "id": "6428c29c-e9a2-4975-90e9-fa999784b2b5",
    "data": [
      {
        "text": "Purchase",
        "meta": "@sys.ignore",
        "userDefined": false
      },
      {
        "text": " now.",
        "userDefined": false
      }
    ],
    "isTemplate": false,
    "count": 0,
    "lang": "en",
    "updated": 0
  },
  {
    "id": "bfc05174-4087-41ec-af4c-96b7ba4e2c22",
    "data": [
      {
        "text": "I\u0027d like to ",
        "userDefined": false
      },
      {
        "text": "purchase",
        "meta": "@sys.ignore",
        "userDefined": false
      },
      {
        "text": " it.",
        "userDefined": false
      }
    ],
    "isTemplate": false,
    "count": 0,
    "lang": "en",
    "updated": 0
  },
  {
    "id": "c89321bd-3e7b-42a8-919c-a00c6817ae5a",
    "data": [
      {
        "text": "I confirm.",
        "userDefined": false
      }
    ],
    "isTemplate": false,
    "count": 0,
    "lang": "en",
    "updated": 0
  },
  {
    "id": "c7289e2b-3113-422b-a6c8-508e33363cf4",
    "data": [
      {
        "text": "You have my confirmation.",
        "userDefined": false
      }
    ],
    "isTemplate": false,
    "count": 0,
    "lang": "en",
    "updated": 0
  },
  {
    "id": "f0e55f2d-6f48-486a-a20f-0829c990882e",
    "data": [
      {
        "text": "Confirm.",
        "userDefined": false
      }
    ],
    "isTemplate": false,
    "count": 0,
    "lang": "en",
    "updated": 0
  }
]