[
  {
    "id": "ab015b74-165c-4a10-bc02-515141c32136",
    "data": [
      {
        "text": "head back",
        "userDefined": false
      }
    ],
    "isTemplate": false,
    "count": 0,
    "lang": "en",
    "updated": 0
  },
  {
    "id": "61f2015a-4ba1-40ff-939a-06a0971f1184",
    "data": [
      {
        "text": "head to the previous screen",
        "userDefined": false
      }
    ],
    "isTemplate": false,
    "count": 0,
    "lang": "en",
    "updated": 0
  },
  {
    "id": "338d5989-0bde-4983-9062-e2b448c48c76",
    "data": [
      {
        "text": "cancel",
        "userDefined": false
      }
    ],
    "isTemplate": false,
    "count": 0,
    "lang": "en",
    "updated": 0
  },
  {
    "id": "918d979d-9cb5-408e-a6f6-f17c6a4633bc",
    "data": [
      {
        "text": "backward",
        "userDefined": false
      }
    ],
    "isTemplate": false,
    "count": 0,
    "lang": "en",
    "updated": 0
  },
  {
    "id": "dd2edf61-a382-41db-8efb-4d188d909d9f",
    "data": [
      {
        "text": "undo",
        "userDefined": false
      }
    ],
    "isTemplate": false,
    "count": 0,
    "lang": "en",
    "updated": 0
  },
  {
    "id": "6c070eff-9774-4e20-9dda-2e7add7aa8d4",
    "data": [
      {
        "text": "previous",
        "userDefined": false
      }
    ],
    "isTemplate": false,
    "count": 0,
    "lang": "en",
    "updated": 0
  },
  {
    "id": "b5855d92-347d-4ff9-93df-7686486346ae",
    "data": [
      {
        "text": "previous page",
        "userDefined": false
      }
    ],
    "isTemplate": false,
    "count": 0,
    "lang": "en",
    "updated": 0
  },
  {
    "id": "d9d46d32-e216-421a-8298-982c9d07b108",
    "data": [
      {
        "text": "go to the previous page",
        "userDefined": false
      }
    ],
    "isTemplate": false,
    "count": 0,
    "lang": "en",
    "updated": 0
  },
  {
    "id": "f3b83817-877a-4e21-afd2-c00a8a7ccd40",
    "data": [
      {
        "text": "return backward",
        "userDefined": false
      }
    ],
    "isTemplate": false,
    "count": 0,
    "lang": "en",
    "updated": 0
  },
  {
    "id": "ede9154c-ea52-43be-b35a-4bd7b8c24c6e",
    "data": [
      {
        "text": "go back to the previous screen",
        "userDefined": false
      }
    ],
    "isTemplate": false,
    "count": 0,
    "lang": "en",
    "updated": 0
  },
  {
    "id": "acd16d22-ab6f-43e3-92f8-e0be5b9d4bdd",
    "data": [
      {
        "text": "go back",
        "userDefined": false
      }
    ],
    "isTemplate": false,
    "count": 0,
    "lang": "en",
    "updated": 0
  }
]