[
  {
    "id": "2cb6c2fe-ee22-447c-ad9f-6ae90dcbe8e2",
    "data": [
      {
        "text": "What does it say?",
        "userDefined": false
      }
    ],
    "isTemplate": false,
    "count": 0,
    "lang": "en",
    "updated": 0
  },
  {
    "id": "399fe58f-66fd-44f6-8220-8ddaac6639d2",
    "data": [
      {
        "text": "Read the description for me.",
        "userDefined": false
      }
    ],
    "isTemplate": false,
    "count": 0,
    "lang": "en",
    "updated": 0
  },
  {
    "id": "50514c53-006e-444c-b2e7-ffd7ec816773",
    "data": [
      {
        "text": "White Wisconsin visor",
        "meta": "@product",
        "alias": "product",
        "userDefined": true
      },
      {
        "text": ".",
        "userDefined": false
      }
    ],
    "isTemplate": false,
    "count": 0,
    "lang": "en",
    "updated": 0
  },
  {
    "id": "c3049366-0a50-40f1-a8df-d4a9e166a2c3",
    "data": [
      {
        "text": "Product ",
        "userDefined": false
      },
      {
        "text": "Info.",
        "meta": "@sys.ignore",
        "userDefined": false
      }
    ],
    "isTemplate": false,
    "count": 0,
    "lang": "en",
    "updated": 0
  },
  {
    "id": "43a60ad5-7bfc-4462-949a-b05d7bbc7e67",
    "data": [
      {
        "text": "Tell me more.",
        "userDefined": false
      }
    ],
    "isTemplate": false,
    "count": 0,
    "lang": "en",
    "updated": 0
  },
  {
    "id": "380c7148-f192-4243-a1f6-f17a31496ae4",
    "data": [
      {
        "text": "Can you tell me more about this?",
        "userDefined": false
      }
    ],
    "isTemplate": false,
    "count": 0,
    "lang": "en",
    "updated": 0
  },
  {
    "id": "053b708d-cfc4-4e69-98fb-011105eac818",
    "data": [
      {
        "text": "Description.",
        "userDefined": false
      }
    ],
    "isTemplate": false,
    "count": 0,
    "lang": "en",
    "updated": 0
  },
  {
    "id": "59861da5-a287-423f-8e91-a77415eae481",
    "data": [
      {
        "text": "What is this?",
        "userDefined": false
      }
    ],
    "isTemplate": false,
    "count": 0,
    "lang": "en",
    "updated": 0
  },
  {
    "id": "01b46c1c-b654-40ae-a532-db4a18bc5eb0",
    "data": [
      {
        "text": "I\u0027d like to learn more about this.",
        "userDefined": false
      }
    ],
    "isTemplate": false,
    "count": 0,
    "lang": "en",
    "updated": 0
  },
  {
    "id": "dd5f4be0-ee41-49c9-834f-daf00166ca33",
    "data": [
      {
        "text": "Tell me about the ",
        "userDefined": false
      },
      {
        "text": "white Wisconsin visor",
        "meta": "@product",
        "alias": "product",
        "userDefined": true
      },
      {
        "text": ".",
        "userDefined": false
      }
    ],
    "isTemplate": false,
    "count": 0,
    "lang": "en",
    "updated": 0
  },
  {
    "id": "941ea8c8-2d85-4ffd-bcdd-4b2093298b69",
    "data": [
      {
        "text": "Tell me more about this ",
        "userDefined": false
      },
      {
        "text": "hat",
        "meta": "@sys.ignore",
        "userDefined": false
      },
      {
        "text": ".",
        "userDefined": false
      }
    ],
    "isTemplate": false,
    "count": 0,
    "lang": "en",
    "updated": 0
  }
]