[
  {
    "id": "b9f17177-6383-444f-9d35-d12f718a8d5d",
    "data": [
      {
        "text": "How do people like this one?",
        "userDefined": false
      }
    ],
    "isTemplate": false,
    "count": 0,
    "lang": "en",
    "updated": 0
  },
  {
    "id": "3edd1bff-6844-4ab0-94ab-04849e32068d",
    "data": [
      {
        "text": "Review.",
        "userDefined": false
      }
    ],
    "isTemplate": false,
    "count": 0,
    "lang": "en",
    "updated": 0
  },
  {
    "id": "5dc89d5a-39d5-4c85-ab95-b62ed10650bb",
    "data": [
      {
        "text": "Rating.",
        "userDefined": false
      }
    ],
    "isTemplate": false,
    "count": 0,
    "lang": "en",
    "updated": 0
  },
  {
    "id": "f29eb8fe-c801-4f10-8dc9-747198ec9aa4",
    "data": [
      {
        "text": "Does this ",
        "userDefined": false
      },
      {
        "text": "sweatshirt",
        "meta": "@sys.ignore",
        "userDefined": false
      },
      {
        "text": " have a bad reputation?",
        "userDefined": false
      }
    ],
    "isTemplate": false,
    "count": 0,
    "lang": "en",
    "updated": 0
  },
  {
    "id": "8f013170-930c-4084-bf23-b1d14667a32b",
    "data": [
      {
        "text": "Is this bad?",
        "userDefined": false
      }
    ],
    "isTemplate": false,
    "count": 0,
    "lang": "en",
    "updated": 0
  },
  {
    "id": "44557719-b39e-4cc2-8535-7ec03b3e90da",
    "data": [
      {
        "text": "From ",
        "userDefined": false
      },
      {
        "text": "1",
        "meta": "@sys.ignore",
        "userDefined": false
      },
      {
        "text": " to ",
        "userDefined": false
      },
      {
        "text": "5",
        "meta": "@sys.ignore",
        "userDefined": false
      },
      {
        "text": ", how good is this product?",
        "userDefined": false
      }
    ],
    "isTemplate": false,
    "count": 0,
    "lang": "en",
    "updated": 0
  },
  {
    "id": "6d4d17b1-56e6-4a86-9dc6-7d9b6b6e6634",
    "data": [
      {
        "text": "Do people think this is good?",
        "userDefined": false
      }
    ],
    "isTemplate": false,
    "count": 0,
    "lang": "en",
    "updated": 0
  },
  {
    "id": "c9ad5464-a162-4587-a37c-47940ac7872c",
    "data": [
      {
        "text": "Star rating.",
        "userDefined": false
      }
    ],
    "isTemplate": false,
    "count": 0,
    "lang": "en",
    "updated": 0
  },
  {
    "id": "cef8f148-6b93-437a-b38f-3cdb2ee5cb6b",
    "data": [
      {
        "text": "Show rating!",
        "userDefined": false
      }
    ],
    "isTemplate": false,
    "count": 0,
    "lang": "en",
    "updated": 0
  },
  {
    "id": "4ac24d9f-ebef-4970-872b-e9297d033bed",
    "data": [
      {
        "text": "What is the rating of this product?",
        "userDefined": false
      }
    ],
    "isTemplate": false,
    "count": 0,
    "lang": "en",
    "updated": 0
  },
  {
    "id": "a471f730-97a7-4107-a462-76a382a92e55",
    "data": [
      {
        "text": "Show me the review!",
        "userDefined": false
      }
    ],
    "isTemplate": false,
    "count": 0,
    "lang": "en",
    "updated": 0
  },
  {
    "id": "3b264cb2-ad56-40e7-b546-51b3547b6a6e",
    "data": [
      {
        "text": "What did people say about this?",
        "userDefined": false
      }
    ],
    "isTemplate": false,
    "count": 0,
    "lang": "en",
    "updated": 0
  },
  {
    "id": "923147af-0d82-42ae-8ed7-9052ed0e849e",
    "data": [
      {
        "text": "Tell me how people like this?",
        "userDefined": false
      }
    ],
    "isTemplate": false,
    "count": 0,
    "lang": "en",
    "updated": 0
  },
  {
    "id": "e331796b-19b7-4b01-bdcf-906ef0bab5dc",
    "data": [
      {
        "text": "Tell me how people like this ",
        "userDefined": false
      },
      {
        "text": "bottom",
        "meta": "@sys.ignore",
        "userDefined": false
      },
      {
        "text": "?",
        "userDefined": false
      }
    ],
    "isTemplate": false,
    "count": 0,
    "lang": "en",
    "updated": 0
  },
  {
    "id": "3718d408-1627-43b6-8ae0-2062cdcb2a06",
    "data": [
      {
        "text": "Is this good?",
        "userDefined": false
      }
    ],
    "isTemplate": false,
    "count": 0,
    "lang": "en",
    "updated": 0
  },
  {
    "id": "97ba6f83-f28d-4823-b6d6-205833064cc0",
    "data": [
      {
        "text": "Do people like this?",
        "userDefined": false
      }
    ],
    "isTemplate": false,
    "count": 0,
    "lang": "en",
    "updated": 0
  },
  {
    "id": "33930cbb-7a95-45c5-b52c-3e28775ecff6",
    "data": [
      {
        "text": "Do people like this ",
        "userDefined": false
      },
      {
        "text": "sweatshirt",
        "meta": "@sys.ignore",
        "userDefined": false
      },
      {
        "text": "?",
        "userDefined": false
      }
    ],
    "isTemplate": false,
    "count": 0,
    "lang": "en",
    "updated": 0
  },
  {
    "id": "d7895e7f-6050-4a90-b56d-efcb95b5699e",
    "data": [
      {
        "text": "Is this ",
        "userDefined": false
      },
      {
        "text": "hat",
        "meta": "@sys.ignore",
        "userDefined": false
      },
      {
        "text": " good?",
        "userDefined": false
      }
    ],
    "isTemplate": false,
    "count": 0,
    "lang": "en",
    "updated": 0
  },
  {
    "id": "1937e67b-bede-4e19-92e3-edc2dae4340b",
    "data": [
      {
        "text": "The reviews of ",
        "userDefined": false
      },
      {
        "text": "150 Year Commemorative Hoodie",
        "meta": "@product",
        "alias": "product",
        "userDefined": false
      },
      {
        "text": ".",
        "userDefined": false
      }
    ],
    "isTemplate": false,
    "count": 0,
    "lang": "en",
    "updated": 0
  },
  {
    "id": "0d3d9576-f043-4ed3-8746-2f267110694a",
    "data": [
      {
        "text": "The rating of ",
        "userDefined": false
      },
      {
        "text": "Bucky Crew Neck Sweatshirt.",
        "meta": "@product",
        "alias": "product",
        "userDefined": false
      }
    ],
    "isTemplate": false,
    "count": 0,
    "lang": "en",
    "updated": 0
  },
  {
    "id": "6eb9fcf0-8f0d-4e0c-84a8-0ea33cc55e1b",
    "data": [
      {
        "text": "White Wisconsin visor",
        "meta": "@product",
        "alias": "product",
        "userDefined": false
      },
      {
        "text": " reviews.",
        "userDefined": false
      }
    ],
    "isTemplate": false,
    "count": 0,
    "lang": "en",
    "updated": 0
  },
  {
    "id": "681e3568-eb96-4ee7-ac07-f9d4f633ebe7",
    "data": [
      {
        "text": "White Wisconsin visor",
        "meta": "@product",
        "alias": "product",
        "userDefined": false
      },
      {
        "text": " rating.",
        "userDefined": false
      }
    ],
    "isTemplate": false,
    "count": 1,
    "lang": "en",
    "updated": 0
  }
]