[
  {
    "id": "3ade9dc0-b724-4e17-bb60-67d7dfefebd5",
    "data": [
      {
        "text": "Show all tags.",
        "userDefined": false
      }
    ],
    "isTemplate": false,
    "count": 0,
    "lang": "en",
    "updated": 0
  },
  {
    "id": "d707b1f9-afc7-44d8-968d-720b7e510e44",
    "data": [
      {
        "text": "Which ",
        "userDefined": false
      },
      {
        "text": "leggings",
        "meta": "@page",
        "alias": "page",
        "userDefined": false
      },
      {
        "text": " do you sell?",
        "userDefined": false
      }
    ],
    "isTemplate": false,
    "count": 0,
    "lang": "en",
    "updated": 0
  },
  {
    "id": "6f01eee4-4be3-4da3-9e30-2493d63de389",
    "data": [
      {
        "text": "What kind of ",
        "userDefined": false
      },
      {
        "text": "hats",
        "meta": "@page",
        "alias": "page",
        "userDefined": false
      },
      {
        "text": " are these?",
        "userDefined": false
      }
    ],
    "isTemplate": false,
    "count": 0,
    "lang": "en",
    "updated": 0
  },
  {
    "id": "53f33bc6-4c6c-4e41-87a3-3d10febb9475",
    "data": [
      {
        "text": "List all tags.",
        "userDefined": false
      }
    ],
    "isTemplate": false,
    "count": 0,
    "lang": "en",
    "updated": 0
  },
  {
    "id": "496524a6-86db-47e8-addc-4afe5c601e75",
    "data": [
      {
        "text": "Tell me all types of ",
        "userDefined": false
      },
      {
        "text": "hats",
        "meta": "@page",
        "alias": "page",
        "userDefined": false
      },
      {
        "text": " that you have!",
        "userDefined": false
      }
    ],
    "isTemplate": false,
    "count": 0,
    "lang": "en",
    "updated": 0
  },
  {
    "id": "8e458a65-2b4a-4e20-a406-542fbd613d34",
    "data": [
      {
        "text": "What types of ",
        "userDefined": false
      },
      {
        "text": "hats",
        "meta": "@page",
        "alias": "page",
        "userDefined": false
      },
      {
        "text": " do you have?",
        "userDefined": false
      }
    ],
    "isTemplate": false,
    "count": 0,
    "lang": "en",
    "updated": 0
  },
  {
    "id": "0e171687-42fb-4b72-867d-ecb4de3c538a",
    "data": [
      {
        "text": "What are the tags?",
        "userDefined": false
      }
    ],
    "isTemplate": false,
    "count": 0,
    "lang": "en",
    "updated": 0
  },
  {
    "id": "adc292d2-75ba-40f5-8f30-48ef1782d4b7",
    "data": [
      {
        "text": "Types",
        "userDefined": false
      }
    ],
    "isTemplate": false,
    "count": 0,
    "lang": "en",
    "updated": 0
  },
  {
    "id": "70624eb4-707d-418e-8372-11c108bdbe35",
    "data": [
      {
        "text": "Tags",
        "userDefined": false
      }
    ],
    "isTemplate": false,
    "count": 1,
    "lang": "en",
    "updated": 0
  },
  {
    "id": "7bce921f-9a5c-4107-b9ea-c4528db9b699",
    "data": [
      {
        "text": "List all types.",
        "userDefined": false
      }
    ],
    "isTemplate": false,
    "count": 0,
    "lang": "en",
    "updated": 0
  },
  {
    "id": "d5de7381-9524-43a8-8404-3d7f7dfc0424",
    "data": [
      {
        "text": "What ",
        "userDefined": false
      },
      {
        "text": "hats",
        "meta": "@page",
        "alias": "page",
        "userDefined": false
      },
      {
        "text": " are being offered?",
        "userDefined": false
      }
    ],
    "isTemplate": false,
    "count": 0,
    "lang": "en",
    "updated": 0
  },
  {
    "id": "5d756c16-50ec-411e-864e-c23f92ba4285",
    "data": [
      {
        "text": "What kind of ",
        "userDefined": false
      },
      {
        "text": "hats",
        "meta": "@page",
        "alias": "page",
        "userDefined": false
      },
      {
        "text": " do you have?",
        "userDefined": false
      }
    ],
    "isTemplate": false,
    "count": 0,
    "lang": "en",
    "updated": 0
  }
]