[
  {
    "id": "388b9dae-b485-4bb0-aa96-effe5247709b",
    "data": [
      {
        "text": "Categories.",
        "userDefined": false
      }
    ],
    "isTemplate": false,
    "count": 0,
    "lang": "en",
    "updated": 0
  },
  {
    "id": "a75d0a87-5da1-4bb9-aa25-3f0c007a9056",
    "data": [
      {
        "text": "All categories.",
        "userDefined": false
      }
    ],
    "isTemplate": false,
    "count": 0,
    "lang": "en",
    "updated": 0
  },
  {
    "id": "b56c454f-2b24-48d0-8243-27eaa49b06a5",
    "data": [
      {
        "text": "Tell me about all the categories.",
        "userDefined": false
      }
    ],
    "isTemplate": false,
    "count": 0,
    "lang": "en",
    "updated": 0
  },
  {
    "id": "99de6485-8148-4d98-86f7-869b31b0b466",
    "data": [
      {
        "text": "What categories do you have?",
        "userDefined": false
      }
    ],
    "isTemplate": false,
    "count": 0,
    "lang": "en",
    "updated": 0
  },
  {
    "id": "0b724cf0-ca3b-4580-9876-217add815909",
    "data": [
      {
        "text": "List all categories.",
        "userDefined": false
      }
    ],
    "isTemplate": false,
    "count": 0,
    "lang": "en",
    "updated": 0
  },
  {
    "id": "07c2b296-24b9-4b15-a11f-f1cb89a4cd99",
    "data": [
      {
        "text": "What can I find here?",
        "userDefined": false
      }
    ],
    "isTemplate": false,
    "count": 0,
    "lang": "en",
    "updated": 0
  },
  {
    "id": "49a10278-d632-4d4d-99a2-1c3dbc0546ee",
    "data": [
      {
        "text": "Tell me everything.",
        "userDefined": false
      }
    ],
    "isTemplate": false,
    "count": 0,
    "lang": "en",
    "updated": 0
  },
  {
    "id": "8ff28fa1-9d6d-47cf-ada0-8931e43ac387",
    "data": [
      {
        "text": "Tell me about the products ",
        "userDefined": false
      },
      {
        "text": "that",
        "meta": "@sys.ignore",
        "userDefined": false
      },
      {
        "text": " you have.",
        "userDefined": false
      }
    ],
    "isTemplate": false,
    "count": 0,
    "lang": "en",
    "updated": 0
  },
  {
    "id": "20204fe3-3876-407c-b0bc-8086c0c2035e",
    "data": [
      {
        "text": "What to buy?",
        "userDefined": false
      }
    ],
    "isTemplate": false,
    "count": 0,
    "lang": "en",
    "updated": 0
  },
  {
    "id": "864a8387-a769-4ca4-b9ce-25b5586a62fb",
    "data": [
      {
        "text": "I don\u0027t know what is offered.",
        "userDefined": false
      }
    ],
    "isTemplate": false,
    "count": 0,
    "lang": "en",
    "updated": 0
  },
  {
    "id": "cd51a916-9bb4-499e-b74c-103ea7b4b34c",
    "data": [
      {
        "text": "What do you sell?",
        "userDefined": false
      }
    ],
    "isTemplate": false,
    "count": 0,
    "lang": "en",
    "updated": 0
  },
  {
    "id": "301676c3-2a01-43b7-8c9e-f8bb44ece6ad",
    "data": [
      {
        "text": "List all items.",
        "userDefined": false
      }
    ],
    "isTemplate": false,
    "count": 0,
    "lang": "en",
    "updated": 0
  },
  {
    "id": "723f2b12-2887-41a5-ad65-6a768dae4e6b",
    "data": [
      {
        "text": "What products do you have?",
        "userDefined": false
      }
    ],
    "isTemplate": false,
    "count": 0,
    "lang": "en",
    "updated": 0
  },
  {
    "id": "8398527f-64e7-4646-beb5-22095b6e64ba",
    "data": [
      {
        "text": "What is being offered?",
        "userDefined": false
      }
    ],
    "isTemplate": false,
    "count": 0,
    "lang": "en",
    "updated": 0
  },
  {
    "id": "eab9f862-60e6-4617-9ef3-178d4e0d2036",
    "data": [
      {
        "text": "What are the products ",
        "userDefined": false
      },
      {
        "text": "that",
        "meta": "@sys.ignore",
        "userDefined": false
      },
      {
        "text": " you have?",
        "userDefined": false
      }
    ],
    "isTemplate": false,
    "count": 0,
    "lang": "en",
    "updated": 0
  },
  {
    "id": "3125d0e4-dbc8-4be2-80a0-a5b71671b556",
    "data": [
      {
        "text": "What do you have?",
        "userDefined": false
      }
    ],
    "isTemplate": false,
    "count": 0,
    "lang": "en",
    "updated": 0
  }
]