[
  {
    "value": "hats",
    "synonyms": [
      "hat",
      "cap"
    ]
  },
  {
    "value": "sweatshirt",
    "synonyms": [
      "sweatshirt",
      "sweatshirts"
    ]
  },
  {
    "value": "plushies",
    "synonyms": [
      "plushies",
      "keychain",
      "pillow",
      "doll",
      "gift",
      "plushes",
      "plush",
      "plushie"
    ]
  },
  {
    "value": "leggings",
    "synonyms": [
      "leggings"
    ]
  },
  {
    "value": "tees",
    "synonyms": [
      "tees",
      "shirt",
      "t-shirt"
    ]
  },
  {
    "value": "bottom",
    "synonyms": [
      "bottom",
      "pants"
    ]
  }
]