[
  {
    "value": "1",
    "synonyms": [
      "1",
      "one"
    ]
  },
  {
    "value": "2",
    "synonyms": [
      "2",
      "two"
    ]
  },
  {
    "value": "3",
    "synonyms": [
      "3",
      "three"
    ]
  },
  {
    "value": "4",
    "synonyms": [
      "4",
      "four"
    ]
  },
  {
    "value": "5",
    "synonyms": [
      "5",
      "five"
    ]
  },
  {
    "value": "6",
    "synonyms": [
      "6",
      "six"
    ]
  },
  {
    "value": "7",
    "synonyms": [
      "7",
      "seven"
    ]
  },
  {
    "value": "8",
    "synonyms": [
      "8",
      "eight"
    ]
  },
  {
    "value": "9",
    "synonyms": [
      "9",
      "nine"
    ]
  },
  {
    "value": "10",
    "synonyms": [
      "10",
      "ten"
    ]
  },
  {
    "value": "all",
    "synonyms": [
      "All",
      "all",
      "every"
    ]
  }
]