[
  {
    "value": "home",
    "synonyms": [
      "home"
    ]
  },
  {
    "value": "sign in",
    "synonyms": [
      "sign in",
      "login",
      "sign"
    ]
  },
  {
    "value": "hats",
    "synonyms": [
      "hats",
      "cap",
      "hat"
    ]
  },
  {
    "value": "sweatshirts",
    "synonyms": [
      "sweatshirt",
      "sweatshirts"
    ]
  },
  {
    "value": "plushes",
    "synonyms": [
      "plushies",
      "keychain",
      "pillow",
      "doll",
      "gift",
      "plushes",
      "plush",
      "plushie"
    ]
  },
  {
    "value": "leggings",
    "synonyms": [
      "leggings",
      "legging"
    ]
  },
  {
    "value": "tees",
    "synonyms": [
      "tees",
      "shirt",
      "t-shirt",
      "tee"
    ]
  },
  {
    "value": "bottoms",
    "synonyms": [
      "bottom",
      "pants",
      "bottoms"
    ]
  },
  {
    "value": "cart",
    "synonyms": [
      "cart",
      "purchase"
    ]
  }
]