[
  {
    "value": "Bucky Crew Neck Sweatshirt",
    "synonyms": [
      "Bucky Crew Neck Sweatshirt"
    ]
  },
  {
    "value": "Bucky Badger Plush",
    "synonyms": [
      "Bucky Badger Plush"
    ]
  },
  {
    "value": "Wisconsin Leggings",
    "synonyms": [
      "Wisconsin Leggings"
    ]
  },
  {
    "value": "Game Day Bucky Plush",
    "synonyms": [
      "Game Day Bucky Plush"
    ]
  },
  {
    "value": "Bucky Badger Leggings",
    "synonyms": [
      "Bucky Badger Leggings"
    ]
  },
  {
    "value": "W Cloud Pillow",
    "synonyms": [
      "W Cloud Pillow",
      "Wisconsin Cloud Pillow"
    ]
  },
  {
    "value": "Bucky Badger Pillow",
    "synonyms": [
      "Bucky Badger Pillow"
    ]
  },
  {
    "value": "Bucky Badger Keychain",
    "synonyms": [
      "Bucky Badger Keychain"
    ]
  },
  {
    "value": "Wisconsin Football Hat",
    "synonyms": [
      "Wisconsin Football Hat"
    ]
  },
  {
    "value": "White Wisconsin Visor",
    "synonyms": [
      "White Wisconsin Visor"
    ]
  },
  {
    "value": "Jump Around Shirt",
    "synonyms": [
      "Jump Around Shirt"
    ]
  },
  {
    "value": "150 Year Commemorative Hoodie",
    "synonyms": [
      "150 Year Commemorative Hoodie",
      "Commemorative Hoodie"
    ]
  },
  {
    "value": "Women\u0027s Wisconsin Cuddle Joggers",
    "synonyms": [
      "Women\u0027s Wisconsin Cuddle Joggers"
    ]
  },
  {
    "value": "Wisconsin Sweatpants",
    "synonyms": [
      "Wisconsin Sweatpants"
    ]
  },
  {
    "value": "Wisconsin Qualifier Woven Short",
    "synonyms": [
      "Wisconsin Qualifier Woven Short"
    ]
  },
  {
    "value": "Wisconsin Running Shorts",
    "synonyms": [
      "Wisconsin Running Shorts"
    ]
  }
]