[
  {
    "value": "women",
    "synonyms": [
      "women",
      "girl",
      "laddy",
      "laddies"
    ]
  },
  {
    "value": "red",
    "synonyms": [
      "red",
      "velvet",
      "rose",
      "wine",
      "crimson",
      "currant",
      "maroon"
    ]
  },
  {
    "value": "white",
    "synonyms": [
      "white"
    ]
  },
  {
    "value": "logo",
    "synonyms": [
      "logo",
      "Wisconsin"
    ]
  },
  {
    "value": "printed",
    "synonyms": [
      "printed"
    ]
  },
  {
    "value": "cotton",
    "synonyms": [
      "cotton"
    ]
  },
  {
    "value": "polyester",
    "synonyms": [
      "polyester"
    ]
  },
  {
    "value": "shortsleeve",
    "synonyms": [
      "shortsleeve",
      "short sleeve",
      "short-sleeve"
    ]
  },
  {
    "value": "longsleeve",
    "synonyms": [
      "longsleeve",
      "long sleeve",
      "long-sleeve"
    ]
  },
  {
    "value": "shorts",
    "synonyms": [
      "shorts"
    ]
  },
  {
    "value": "pants",
    "synonyms": [
      "pants"
    ]
  },
  {
    "value": "sweats",
    "synonyms": [
      "sweats"
    ]
  },
  {
    "value": "hoodies",
    "synonyms": [
      "hoodies",
      "jacket"
    ]
  },
  {
    "value": "grey",
    "synonyms": [
      "grey"
    ]
  },
  {
    "value": "youth",
    "synonyms": [
      "youth",
      "young"
    ]
  },
  {
    "value": "adult",
    "synonyms": [
      "adult",
      "parent"
    ]
  },
  {
    "value": "embroidered",
    "synonyms": [
      "embroidered"
    ]
  },
  {
    "value": "black",
    "synonyms": [
      "black",
      "dark"
    ]
  },
  {
    "value": "fuzzy",
    "synonyms": [
      "fuzzy"
    ]
  },
  {
    "value": "badger",
    "synonyms": [
      "badger",
      "bucky",
      "bucky badger"
    ]
  },
  {
    "value": "pillow",
    "synonyms": [
      "pillow"
    ]
  },
  {
    "value": "keychain",
    "synonyms": [
      "keychain"
    ]
  },
  {
    "value": "visor",
    "synonyms": [
      "visor"
    ]
  }
]